[
    {
        "AllowStream": true,
        "AreaNo": 0,
        "Author": "Stephan Avenwedde",
        "Childs": [
            1592337045
        ],
        "Config": {
            "GeneralConfig": {
                "Autostart": false,
                "Debug": false,
                "Logging": false,
                "MP": false
            },
            "SpecificConfig": [
                {
                    "Data": "On every full interval",
                    "Index": 5,
                    "Name": "Mode",
                    "Type": "ComboBox"
                },
                {
                    "Data": "Minutes",
                    "Index": 1,
                    "Name": "Timebase",
                    "Type": "ComboBox"
                },
                {
                    "Data": "5",
                    "Name": "Intervalinput",
                    "Type": "LineEdit"
                },
                {
                    "Data": "10:00",
                    "Name": "StartTime",
                    "Type": "LineEdit"
                },
                {
                    "Data": "13:00",
                    "Name": "EndTime",
                    "Type": "LineEdit"
                },
                {
                    "Data": "13:00",
                    "Name": "SpecificTime",
                    "Type": "LineEdit"
                },
                {
                    "Data": false,
                    "Name": "Monday",
                    "Type": "CheckBox"
                },
                {
                    "Data": false,
                    "Name": "Tuesday",
                    "Type": "CheckBox"
                },
                {
                    "Data": false,
                    "Name": "Wednesday",
                    "Type": "CheckBox"
                },
                {
                    "Data": false,
                    "Name": "Thursday",
                    "Type": "CheckBox"
                },
                {
                    "Data": false,
                    "Name": "Friday",
                    "Type": "CheckBox"
                },
                {
                    "Data": false,
                    "Name": "Saturday",
                    "Type": "CheckBox"
                },
                {
                    "Data": false,
                    "Name": "Sunday",
                    "Type": "CheckBox"
                }
            ]
        },
        "ConstructorCMD_Unix": "cp -u executables/manual_scheduler.py ~/Pythonic/executables/manual_scheduler_BASICDATA_Id.py",
        "ConstructorCMD_Win32": "copy executables\\manual_scheduler.py %HOMEPATH%\\Pythonic\\executables\\manual_scheduler_BASICDATA_Id.py",
        "DestructorCMD_Unix": "rm ~/Pythonic/executables/manual_scheduler_BASICDATA_Id.py",
        "DestructorCMD_Win32": "del %HOMEPATH%\\Pythonic\\executables\\manual_scheduler_BASICDATA_Id.py",
        "Filename": "manual_scheduler_1518ec21",
        "HighlightState": true,
        "Iconname": "ManualScheduler",
        "Id": 353954849,
        "License": "GPLv3",
        "ObjectName": "BotScheduler",
        "Parents": [],
        "Plug": true,
        "Position": {
            "x": 34,
            "y": 35
        },
        "PythonicVersion": {
            "Major": 1,
            "Minor": 3
        },
        "Socket": false,
        "Typename": "ManualScheduler",
        "Version": {
            "Major": 0,
            "Minor": 1
        }
    },
    {
        "AllowStream": true,
        "AreaNo": 0,
        "Author": "Stephan Avenwedde",
        "Childs": [
            702529929
        ],
        "Config": {
            "GeneralConfig": {
                "Autostart": false,
                "Debug": false,
                "Logging": false,
                "MP": false
            },
            "SpecificConfig": [
                {
                    "Data": "Delay",
                    "Index": 0,
                    "Name": "Mode",
                    "Type": "ComboBox"
                },
                {
                    "Data": "Seconds",
                    "Index": 0,
                    "Name": "Timebase",
                    "Type": "ComboBox"
                },
                {
                    "Data": "30",
                    "Name": "Intervalinput",
                    "Type": "LineEdit"
                },
                {
                    "Data": "10:00",
                    "Name": "StartTime",
                    "Type": "LineEdit"
                },
                {
                    "Data": "13:00",
                    "Name": "EndTime",
                    "Type": "LineEdit"
                },
                {
                    "Data": "13:00",
                    "Name": "SpecificTime",
                    "Type": "LineEdit"
                },
                {
                    "Data": false,
                    "Name": "Monday",
                    "Type": "CheckBox"
                },
                {
                    "Data": false,
                    "Name": "Tuesday",
                    "Type": "CheckBox"
                },
                {
                    "Data": false,
                    "Name": "Wednesday",
                    "Type": "CheckBox"
                },
                {
                    "Data": false,
                    "Name": "Thursday",
                    "Type": "CheckBox"
                },
                {
                    "Data": false,
                    "Name": "Friday",
                    "Type": "CheckBox"
                },
                {
                    "Data": false,
                    "Name": "Saturday",
                    "Type": "CheckBox"
                },
                {
                    "Data": false,
                    "Name": "Sunday",
                    "Type": "CheckBox"
                }
            ]
        },
        "ConstructorCMD_Unix": "cp -u executables/scheduler.py ~/Pythonic/executables/scheduler_BASICDATA_Id.py",
        "ConstructorCMD_Win32": "copy executables\\scheduler.py %HOMEPATH%\\Pythonic\\executables\\scheduler_BASICDATA_Id.py",
        "DestructorCMD_Unix": "rm ~/Pythonic/executables/scheduler_BASICDATA_Id.py",
        "DestructorCMD_Win32": "del %HOMEPATH%\\Pythonic\\executables\\scheduler_BASICDATA_Id.py",
        "Filename": "scheduler_5ee92295",
        "HighlightState": true,
        "Iconname": "Scheduler",
        "Id": 1592337045,
        "License": "GPLv3",
        "ObjectName": "Delay",
        "Parents": [
            353954849
        ],
        "Plug": true,
        "Position": {
            "x": 110,
            "y": 128
        },
        "PythonicVersion": {
            "Major": 0,
            "Minor": 1
        },
        "Socket": true,
        "Typename": "Scheduler",
        "Version": {
            "Major": 0,
            "Minor": 1
        }
    },
    {
        "AllowStream": false,
        "AreaNo": 0,
        "Author": "Stephan Avenwedde",
        "Childs": [],
        "Config": {
            "GeneralConfig": {
                "Autostart": false,
                "Debug": true,
                "Logging": true,
                "MP": false
            },
            "SpecificConfig": []
        },
        "ConstructorCMD_Unix": "cp -u executables/generic_pipe.py ~/Pythonic/executables/generic_pipe_BASICDATA_Id.py",
        "ConstructorCMD_Win32": "copy executables\\generic_pipe.py %HOMEPATH%\\Pythonic\\executables\\generic_pipe_BASICDATA_Id.py",
        "DestructorCMD_Unix": "rm ~/Pythonic/executables/generic_pipe_BASICDATA_Id.py",
        "DestructorCMD_Win32": "del %HOMEPATH%\\Pythonic\\executables\\generic_pipe_BASICDATA_Id.py",
        "Filename": "generic_pipe_29dfc189",
        "HighlightState": false,
        "Iconname": "GenericPipe",
        "Id": 702529929,
        "License": "GPLv3",
        "ObjectName": "Evaluation",
        "Parents": [
            1592337045
        ],
        "Plug": true,
        "Position": {
            "x": 168,
            "y": 234
        },
        "PythonicVersion": {
            "Major": 1,
            "Minor": 2
        },
        "Socket": true,
        "Typename": "GenericPipe",
        "Version": {
            "Major": 0,
            "Minor": 1
        }
    },
    {
        "AllowStream": false,
        "AreaNo": 1,
        "Author": "Stephan Avenwedde",
        "Childs": [],
        "Config": {
            "GeneralConfig": {
                "Autostart": false,
                "Debug": true,
                "Logging": false,
                "MP": false
            },
            "SpecificConfig": []
        },
        "ConstructorCMD_Unix": "cp -u executables/generic_pipe.py ~/Pythonic/executables/generic_pipe_BASICDATA_Id.py",
        "ConstructorCMD_Win32": "copy executables\\generic_pipe.py %HOMEPATH%\\Pythonic\\executables\\generic_pipe_BASICDATA_Id.py",
        "DestructorCMD_Unix": "rm ~/Pythonic/executables/generic_pipe_BASICDATA_Id.py",
        "DestructorCMD_Win32": "del %HOMEPATH%\\Pythonic\\executables\\generic_pipe_BASICDATA_Id.py",
        "Filename": "generic_pipe_3e059017",
        "HighlightState": false,
        "Iconname": "GenericPipe",
        "Id": 1040551959,
        "License": "GPLv3",
        "ObjectName": "DataCollector",
        "Parents": [
            1872690777
        ],
        "Plug": true,
        "Position": {
            "x": 311,
            "y": 387
        },
        "PythonicVersion": {
            "Major": 1,
            "Minor": 2
        },
        "Socket": true,
        "Typename": "GenericPipe",
        "Version": {
            "Major": 0,
            "Minor": 1
        }
    },
    {
        "AllowStream": true,
        "AreaNo": 1,
        "Author": "Stephan Avenwedde",
        "Childs": [
            2115820140
        ],
        "Config": {
            "GeneralConfig": {
                "Autostart": false,
                "Debug": false,
                "Logging": false,
                "MP": false
            },
            "SpecificConfig": [
                {
                    "Data": "On every full interval",
                    "Index": 5,
                    "Name": "Mode",
                    "Type": "ComboBox"
                },
                {
                    "Data": "Minutes",
                    "Index": 1,
                    "Name": "Timebase",
                    "Type": "ComboBox"
                },
                {
                    "Data": "5",
                    "Name": "Intervalinput",
                    "Type": "LineEdit"
                },
                {
                    "Data": "10:00",
                    "Name": "StartTime",
                    "Type": "LineEdit"
                },
                {
                    "Data": "13:00",
                    "Name": "EndTime",
                    "Type": "LineEdit"
                },
                {
                    "Data": "13:00",
                    "Name": "SpecificTime",
                    "Type": "LineEdit"
                },
                {
                    "Data": false,
                    "Name": "Monday",
                    "Type": "CheckBox"
                },
                {
                    "Data": false,
                    "Name": "Tuesday",
                    "Type": "CheckBox"
                },
                {
                    "Data": false,
                    "Name": "Wednesday",
                    "Type": "CheckBox"
                },
                {
                    "Data": false,
                    "Name": "Thursday",
                    "Type": "CheckBox"
                },
                {
                    "Data": false,
                    "Name": "Friday",
                    "Type": "CheckBox"
                },
                {
                    "Data": false,
                    "Name": "Saturday",
                    "Type": "CheckBox"
                },
                {
                    "Data": false,
                    "Name": "Sunday",
                    "Type": "CheckBox"
                }
            ]
        },
        "ConstructorCMD_Unix": "cp -u executables/manual_scheduler.py ~/Pythonic/executables/manual_scheduler_BASICDATA_Id.py",
        "ConstructorCMD_Win32": "copy executables\\manual_scheduler.py %HOMEPATH%\\Pythonic\\executables\\manual_scheduler_BASICDATA_Id.py",
        "DestructorCMD_Unix": "rm ~/Pythonic/executables/manual_scheduler_BASICDATA_Id.py",
        "DestructorCMD_Win32": "del %HOMEPATH%\\Pythonic\\executables\\manual_scheduler_BASICDATA_Id.py",
        "Filename": "manual_scheduler_601e243e",
        "HighlightState": true,
        "Iconname": "ManualScheduler",
        "Id": 1612588094,
        "License": "GPLv3",
        "ObjectName": "AcquisitionScheduler",
        "Parents": [],
        "Plug": true,
        "Position": {
            "x": 34,
            "y": 36
        },
        "PythonicVersion": {
            "Major": 1,
            "Minor": 3
        },
        "Socket": false,
        "Typename": "ManualScheduler",
        "Version": {
            "Major": 0,
            "Minor": 1
        }
    },
    {
        "AllowStream": true,
        "AreaNo": 1,
        "Author": "Stephan Avenwedde",
        "Childs": [
            1872690777
        ],
        "Config": {
            "GeneralConfig": {
                "Autostart": false,
                "Debug": true,
                "Logging": false,
                "MP": false
            },
            "SpecificConfig": [
                {
                    "Data": "Public",
                    "Index": 0,
                    "Name": "BaseApi",
                    "Type": "ComboBox"
                },
                {
                    "Data": "fetch OHLCV",
                    "Index": 6,
                    "Name": "Public Methods",
                    "Type": "ComboBox"
                },
                {
                    "Data": "fetch balance",
                    "Index": 0,
                    "Name": "Private Methods",
                    "Type": "ComboBox"
                },
                {
                    "Data": "Market",
                    "Index": 0,
                    "Name": "Order Types",
                    "Type": "ComboBox"
                },
                {
                    "Data": "Buy",
                    "Index": 0,
                    "Name": "Side",
                    "Type": "ComboBox"
                },
                {
                    "Data": "ADA/USD",
                    "Name": "SymbolPublic",
                    "Type": "LineEdit"
                },
                {
                    "Data": "5m",
                    "Name": "Timeframe",
                    "Type": "LineEdit"
                },
                {
                    "Data": "1",
                    "Name": "LimitData",
                    "Type": "LineEdit"
                },
                {
                    "Data": "ETH/BTC XMR/BTC ADA/BNB",
                    "Name": "Tickers",
                    "Type": "LineEdit"
                },
                {
                    "Data": "ETH/BTC",
                    "Name": "SymbolPrivate",
                    "Type": "LineEdit"
                },
                {
                    "Data": "123.456",
                    "Name": "Amount",
                    "Type": "LineEdit"
                },
                {
                    "Data": "123.456",
                    "Name": "Price",
                    "Type": "LineEdit"
                },
                {
                    "Data": "123xyz",
                    "Name": "Address",
                    "Type": "LineEdit"
                },
                {
                    "Data": "{ 'stopPx': 6000.0 }",
                    "Name": "Parameter",
                    "Type": "LineEdit2"
                }
            ]
        },
        "ConstructorCMD_Unix": "cp -u executables/ccxt_method.py ~/Pythonic/executables/ccxt_method_BASICDATA_Id.py",
        "ConstructorCMD_Win32": "copy executables\\ccxt_method.py %HOMEPATH%\\Pythonic\\executables\\ccxt_method_BASICDATA_Id.py",
        "DestructorCMD_Unix": "rm ~/Pythonic/executables/ccxt_method_BASICDATA_Id.py",
        "DestructorCMD_Win32": "del %HOMEPATH%\\Pythonic\\executables\\ccxt_method_BASICDATA_Id.py",
        "Filename": "ccxt_method_7e1cda6c",
        "HighlightState": true,
        "Iconname": "CCXT_Method",
        "Id": 2115820140,
        "License": "GPLv3",
        "ObjectName": "OHLCV_Query",
        "Parents": [
            1612588094
        ],
        "Plug": true,
        "Position": {
            "x": 128,
            "y": 152
        },
        "PythonicVersion": {
            "Major": 1,
            "Minor": 5
        },
        "Socket": true,
        "Typename": "CCXT_Method",
        "Version": {
            "Major": 0,
            "Minor": 1
        }
    },
    {
        "AllowStream": true,
        "AreaNo": 1,
        "Author": "Stephan Avenwedde",
        "Childs": [
            1040551959
        ],
        "Config": {
            "GeneralConfig": {
                "Autostart": false,
                "Debug": false,
                "Logging": false,
                "MP": false
            },
            "SpecificConfig": [
                {
                    "Data": "kraken",
                    "Name": "ExchangeId",
                    "Type": "LineEdit"
                },
                {
                    "Data": "",
                    "Name": "PubKey",
                    "Type": "LineEdit2"
                },
                {
                    "Data": "",
                    "Name": "PrvKey",
                    "Type": "LineEdit2"
                }
            ]
        },
        "ConstructorCMD_Unix": "cp -u executables/ccxt.py ~/Pythonic/executables/ccxt_BASICDATA_Id.py",
        "ConstructorCMD_Win32": "copy executables\\ccxt.py %HOMEPATH%\\Pythonic\\executables\\ccxt_BASICDATA_Id.py",
        "DestructorCMD_Unix": "rm ~/Pythonic/executables/ccxt_BASICDATA_Id.py",
        "DestructorCMD_Win32": "del %HOMEPATH%\\Pythonic\\executables\\ccxt_BASICDATA_Id.py",
        "Filename": "ccxt_6f9efe59",
        "HighlightState": true,
        "Iconname": "CCXT",
        "Id": 1872690777,
        "License": "GPLv3",
        "ObjectName": "KrakenConnector",
        "Parents": [
            2115820140
        ],
        "Plug": true,
        "Position": {
            "x": 227,
            "y": 271
        },
        "PythonicVersion": {
            "Major": 1,
            "Minor": 5
        },
        "Socket": true,
        "Typename": "CCXT",
        "Version": {
            "Major": 0,
            "Minor": 1
        }
    }
]