[
    {
        "AllowStream": true,
        "AreaNo": 0,
        "Author": "Stephan Avenwedde",
        "Childs": [],
        "Config": {
            "GeneralConfig": {
                "Autostart": false,
                "Debug": false,
                "Logging": false,
                "MP": false
            },
            "SpecificConfig": [
                {
                    "Data": "my_db.bin",
                    "Name": "Filename",
                    "Type": "LineEdit2"
                }
            ]
        },
        "ConstructorCMD_Unix": "cp -u executables/sqlite.py ~/Pythonic/executables/sqlite_BASICDATA_Id.py",
        "ConstructorCMD_Win32": "copy executables\\sqlite.py %HOMEPATH%\\Pythonic\\executables\\sqlite_BASICDATA_Id.py",
        "DestructorCMD_Unix": "rm ~/Pythonic/executables/sqlite_BASICDATA_Id.py",
        "DestructorCMD_Win32": "del %HOMEPATH%\\Pythonic\\executables\\sqlite_BASICDATA_Id.py",
        "Filename": "sqlite_196f9a6e",
        "HighlightState": true,
        "Iconname": "SQLite",
        "Id": 426744430,
        "License": "GPLv3",
        "ObjectName": "SQLite - 0x196f9a6e",
        "Parents": [
            242975584,
            1826686116
        ],
        "Plug": true,
        "Position": {
            "x": 868,
            "y": 159
        },
        "PythonicVersion": {
            "Major": 1,
            "Minor": 10
        },
        "Socket": true,
        "Typename": "SQLite",
        "Version": {
            "Major": 0,
            "Minor": 1
        }
    },
    {
        "AllowStream": false,
        "AreaNo": 0,
        "Author": "Stephan Avenwedde",
        "Childs": [
            426744430
        ],
        "Config": {
            "GeneralConfig": {
                "Autostart": false,
                "Debug": false,
                "Logging": true,
                "MP": false
            },
            "SpecificConfig": []
        },
        "ConstructorCMD_Unix": "cp -u executables/generic_pipe.py ~/Pythonic/executables/generic_pipe_BASICDATA_Id.py",
        "ConstructorCMD_Win32": "copy executables\\generic_pipe.py %HOMEPATH%\\Pythonic\\executables\\generic_pipe_BASICDATA_Id.py",
        "DestructorCMD_Unix": "rm ~/Pythonic/executables/generic_pipe_BASICDATA_Id.py",
        "DestructorCMD_Win32": "del %HOMEPATH%\\Pythonic\\executables\\generic_pipe_BASICDATA_Id.py",
        "Filename": "generic_pipe_0e7b8360",
        "HighlightState": false,
        "Iconname": "GenericPipe",
        "Id": 242975584,
        "License": "GPLv3",
        "ObjectName": "DataAcquisition - 0x0e7b8360",
        "Parents": [
            1433802434
        ],
        "Plug": true,
        "Position": {
            "x": 519,
            "y": 160
        },
        "PythonicVersion": {
            "Major": 1,
            "Minor": 2
        },
        "Socket": true,
        "Typename": "GenericPipe",
        "Version": {
            "Major": 0,
            "Minor": 1
        }
    },
    {
        "AllowStream": true,
        "AreaNo": 0,
        "Author": "Stephan Avenwedde",
        "Childs": [
            776030434
        ],
        "Config": {
            "GeneralConfig": {
                "Autostart": false,
                "Debug": false,
                "Logging": false,
                "MP": false
            }
        },
        "ConstructorCMD_Unix": "cp -u executables/manual_scheduler.py ~/Pythonic/executables/manual_scheduler_BASICDATA_Id.py",
        "ConstructorCMD_Win32": "copy executables\\manual_scheduler.py %HOMEPATH%\\Pythonic\\executables\\manual_scheduler_BASICDATA_Id.py",
        "DestructorCMD_Unix": "rm ~/Pythonic/executables/manual_scheduler_BASICDATA_Id.py",
        "DestructorCMD_Win32": "del %HOMEPATH%\\Pythonic\\executables\\manual_scheduler_BASICDATA_Id.py",
        "Filename": "manual_scheduler_7c840ba9",
        "HighlightState": true,
        "Iconname": "ManualScheduler",
        "Id": 2089028521,
        "License": "GPLv3",
        "ObjectName": "ManualScheduler - 0x7c840ba9",
        "Parents": [],
        "Plug": true,
        "Position": {
            "x": 82,
            "y": 768
        },
        "PythonicVersion": {
            "Major": 1,
            "Minor": 3
        },
        "Socket": false,
        "Typename": "ManualScheduler",
        "Version": {
            "Major": 0,
            "Minor": 1
        }
    },
    {
        "AllowStream": true,
        "AreaNo": 0,
        "Author": "Stephan Avenwedde",
        "Childs": [
            796448588
        ],
        "Config": {
            "GeneralConfig": {
                "Autostart": false,
                "Debug": true,
                "Logging": true,
                "MP": false
            },
            "SpecificConfig": [
                {
                    "Data": "",
                    "Name": "Token",
                    "Type": "LineEdit"
                }
            ]
        },
        "ConstructorCMD_Unix": "cp -u executables/telegram.py ~/Pythonic/executables/telegram_BASICDATA_Id.py",
        "ConstructorCMD_Win32": "copy executables\\telegram.py %HOMEPATH%\\Pythonic\\executables\\telegram_BASICDATA_Id.py",
        "DestructorCMD_Unix": "rm ~/Pythonic/executables/telegram_BASICDATA_Id.py",
        "DestructorCMD_Win32": "del %HOMEPATH%\\Pythonic\\executables\\telegram_BASICDATA_Id.py",
        "Filename": "telegram_2e4148e2",
        "HighlightState": true,
        "Iconname": "Telegram",
        "Id": 776030434,
        "License": "GPLv3",
        "ObjectName": "Telegram - 0x2e4148e2",
        "Parents": [
            1964450219,
            2089028521
        ],
        "Plug": true,
        "Position": {
            "x": 522,
            "y": 769
        },
        "PythonicVersion": {
            "Major": 1,
            "Minor": 3
        },
        "Socket": true,
        "Typename": "Telegram",
        "Version": {
            "Major": 1,
            "Minor": 1
        }
    },
    {
        "AllowStream": true,
        "AreaNo": 0,
        "Author": "Stephan Avenwedde",
        "Childs": [
            1826686116,
            1433802434
        ],
        "Config": {
            "GeneralConfig": {
                "Autostart": true,
                "Debug": false,
                "Logging": false,
                "MP": false
            },
            "SpecificConfig": [
                {
                    "Data": "Single fire",
                    "Index": 0,
                    "Name": "Mode",
                    "Type": "ComboBox"
                },
                {
                    "Data": "Seconds",
                    "Index": 0,
                    "Name": "Timebase",
                    "Type": "ComboBox"
                },
                {
                    "Data": "5",
                    "Name": "Intervalinput",
                    "Type": "LineEdit"
                },
                {
                    "Data": "10:00",
                    "Name": "StartTime",
                    "Type": "LineEdit"
                },
                {
                    "Data": "13:00",
                    "Name": "EndTime",
                    "Type": "LineEdit"
                },
                {
                    "Data": "13:00",
                    "Name": "SpecificTime",
                    "Type": "LineEdit"
                },
                {
                    "Data": false,
                    "Name": "Monday",
                    "Type": "CheckBox"
                },
                {
                    "Data": false,
                    "Name": "Tuesday",
                    "Type": "CheckBox"
                },
                {
                    "Data": false,
                    "Name": "Wednesday",
                    "Type": "CheckBox"
                },
                {
                    "Data": false,
                    "Name": "Thursday",
                    "Type": "CheckBox"
                },
                {
                    "Data": false,
                    "Name": "Friday",
                    "Type": "CheckBox"
                },
                {
                    "Data": false,
                    "Name": "Saturday",
                    "Type": "CheckBox"
                },
                {
                    "Data": false,
                    "Name": "Sunday",
                    "Type": "CheckBox"
                }
            ]
        },
        "ConstructorCMD_Unix": "cp -u executables/manual_scheduler.py ~/Pythonic/executables/manual_scheduler_BASICDATA_Id.py",
        "ConstructorCMD_Win32": "copy executables\\manual_scheduler.py %HOMEPATH%\\Pythonic\\executables\\manual_scheduler_BASICDATA_Id.py",
        "DestructorCMD_Unix": "rm ~/Pythonic/executables/manual_scheduler_BASICDATA_Id.py",
        "DestructorCMD_Win32": "del %HOMEPATH%\\Pythonic\\executables\\manual_scheduler_BASICDATA_Id.py",
        "Filename": "manual_scheduler_0412dbdc",
        "HighlightState": true,
        "Iconname": "ManualScheduler",
        "Id": 68344796,
        "License": "GPLv3",
        "ObjectName": "ManualScheduler - 0x0412dbdc",
        "Parents": [],
        "Plug": true,
        "Position": {
            "x": 0,
            "y": 32
        },
        "PythonicVersion": {
            "Major": 1,
            "Minor": 3
        },
        "Socket": false,
        "Typename": "ManualScheduler",
        "Version": {
            "Major": 0,
            "Minor": 1
        }
    },
    {
        "AllowStream": false,
        "AreaNo": 0,
        "Author": "Stephan Avenwedde",
        "Childs": [
            426744430
        ],
        "Config": {
            "GeneralConfig": {
                "Autostart": false,
                "Debug": false,
                "Logging": true,
                "MP": false
            },
            "SpecificConfig": []
        },
        "ConstructorCMD_Unix": "cp -u executables/generic_pipe.py ~/Pythonic/executables/generic_pipe_BASICDATA_Id.py",
        "ConstructorCMD_Win32": "copy executables\\generic_pipe.py %HOMEPATH%\\Pythonic\\executables\\generic_pipe_BASICDATA_Id.py",
        "DestructorCMD_Unix": "rm ~/Pythonic/executables/generic_pipe_BASICDATA_Id.py",
        "DestructorCMD_Win32": "del %HOMEPATH%\\Pythonic\\executables\\generic_pipe_BASICDATA_Id.py",
        "Filename": "generic_pipe_6ce104a4",
        "HighlightState": false,
        "Iconname": "GenericPipe",
        "Id": 1826686116,
        "License": "GPLv3",
        "ObjectName": "CreateTable - 0x6ce104a4",
        "Parents": [
            68344796
        ],
        "Plug": true,
        "Position": {
            "x": 342,
            "y": 32
        },
        "PythonicVersion": {
            "Major": 1,
            "Minor": 2
        },
        "Socket": true,
        "Typename": "GenericPipe",
        "Version": {
            "Major": 0,
            "Minor": 1
        }
    },
    {
        "AllowStream": true,
        "AreaNo": 0,
        "Author": "Stephan Avenwedde",
        "Childs": [
            330144042
        ],
        "Config": {
            "GeneralConfig": {
                "Autostart": false,
                "Debug": false,
                "Logging": false,
                "MP": false
            }
        },
        "ConstructorCMD_Unix": "cp -u executables/sqlite.py ~/Pythonic/executables/sqlite_BASICDATA_Id.py",
        "ConstructorCMD_Win32": "copy executables\\sqlite.py %HOMEPATH%\\Pythonic\\executables\\sqlite_BASICDATA_Id.py",
        "DestructorCMD_Unix": "rm ~/Pythonic/executables/sqlite_BASICDATA_Id.py",
        "DestructorCMD_Win32": "del %HOMEPATH%\\Pythonic\\executables\\sqlite_BASICDATA_Id.py",
        "Filename": "sqlite_5617d487",
        "HighlightState": true,
        "Iconname": "SQLite",
        "Id": 1444402311,
        "License": "GPLv3",
        "ObjectName": "SQLite - 0x5617d487",
        "Parents": [
            796448588
        ],
        "Plug": true,
        "Position": {
            "x": 416,
            "y": 502
        },
        "PythonicVersion": {
            "Major": 1,
            "Minor": 10
        },
        "Socket": true,
        "Typename": "SQLite",
        "Version": {
            "Major": 0,
            "Minor": 1
        }
    },
    {
        "AllowStream": false,
        "AreaNo": 0,
        "Author": "Stephan Avenwedde",
        "Childs": [],
        "Config": {
            "GeneralConfig": {
                "Autostart": false,
                "Debug": true,
                "Logging": true,
                "MP": false
            },
            "SpecificConfig": []
        },
        "ConstructorCMD_Unix": "cp -u executables/generic_pipe.py ~/Pythonic/executables/generic_pipe_BASICDATA_Id.py",
        "ConstructorCMD_Win32": "copy executables\\generic_pipe.py %HOMEPATH%\\Pythonic\\executables\\generic_pipe_BASICDATA_Id.py",
        "DestructorCMD_Unix": "rm ~/Pythonic/executables/generic_pipe_BASICDATA_Id.py",
        "DestructorCMD_Win32": "del %HOMEPATH%\\Pythonic\\executables\\generic_pipe_BASICDATA_Id.py",
        "Filename": "generic_pipe_13ad992a",
        "HighlightState": false,
        "Iconname": "GenericPipe",
        "Id": 330144042,
        "License": "GPLv3",
        "ObjectName": "ReportGenerator - 0x13ad992a",
        "Parents": [
            239331030,
            1444402311
        ],
        "Plug": true,
        "Position": {
            "x": 755,
            "y": 502
        },
        "PythonicVersion": {
            "Major": 1,
            "Minor": 2
        },
        "Socket": true,
        "Typename": "GenericPipe",
        "Version": {
            "Major": 0,
            "Minor": 1
        }
    },
    {
        "AllowStream": false,
        "AreaNo": 0,
        "Author": "Stephan Avenwedde",
        "Childs": [
            1444402311
        ],
        "Config": {
            "GeneralConfig": {
                "Autostart": false,
                "Debug": false,
                "Logging": false,
                "MP": false
            }
        },
        "ConstructorCMD_Unix": "cp -u executables/generic_pipe.py ~/Pythonic/executables/generic_pipe_BASICDATA_Id.py",
        "ConstructorCMD_Win32": "copy executables\\generic_pipe.py %HOMEPATH%\\Pythonic\\executables\\generic_pipe_BASICDATA_Id.py",
        "DestructorCMD_Unix": "rm ~/Pythonic/executables/generic_pipe_BASICDATA_Id.py",
        "DestructorCMD_Win32": "del %HOMEPATH%\\Pythonic\\executables\\generic_pipe_BASICDATA_Id.py",
        "Filename": "generic_pipe_2f78d74c",
        "HighlightState": false,
        "Iconname": "GenericPipe",
        "Id": 796448588,
        "License": "GPLv3",
        "ObjectName": "GenericPipe - 0x2f78d74c",
        "Parents": [
            776030434
        ],
        "Plug": true,
        "Position": {
            "x": 126,
            "y": 501
        },
        "PythonicVersion": {
            "Major": 1,
            "Minor": 2
        },
        "Socket": true,
        "Typename": "GenericPipe",
        "Version": {
            "Major": 0,
            "Minor": 1
        }
    },
    {
        "AllowStream": true,
        "AreaNo": 0,
        "Author": "Stephan Avenwedde",
        "Childs": [
            330144042
        ],
        "Config": {
            "GeneralConfig": {
                "Autostart": false,
                "Debug": false,
                "Logging": false,
                "MP": false
            }
        },
        "ConstructorCMD_Unix": "cp -u executables/manual_scheduler.py ~/Pythonic/executables/manual_scheduler_BASICDATA_Id.py",
        "ConstructorCMD_Win32": "copy executables\\manual_scheduler.py %HOMEPATH%\\Pythonic\\executables\\manual_scheduler_BASICDATA_Id.py",
        "DestructorCMD_Unix": "rm ~/Pythonic/executables/manual_scheduler_BASICDATA_Id.py",
        "DestructorCMD_Win32": "del %HOMEPATH%\\Pythonic\\executables\\manual_scheduler_BASICDATA_Id.py",
        "Filename": "manual_scheduler_0e43e6d6",
        "HighlightState": true,
        "Iconname": "ManualScheduler",
        "Id": 239331030,
        "License": "GPLv3",
        "ObjectName": "ManualScheduler - 0x0e43e6d6",
        "Parents": [],
        "Plug": true,
        "Position": {
            "x": 488,
            "y": 344
        },
        "PythonicVersion": {
            "Major": 1,
            "Minor": 3
        },
        "Socket": false,
        "Typename": "ManualScheduler",
        "Version": {
            "Major": 0,
            "Minor": 1
        }
    },
    {
        "AllowStream": false,
        "AreaNo": 0,
        "Author": "Stephan Avenwedde",
        "Childs": [
            776030434
        ],
        "Config": {
            "GeneralConfig": {
                "Autostart": false,
                "Debug": false,
                "Logging": false,
                "MP": false
            }
        },
        "ConstructorCMD_Unix": "cp -u executables/stop_process.py ~/Pythonic/executables/manual_stop_process_BASICDATA_Id.py",
        "ConstructorCMD_Win32": "copy executables\\stop_process.py %HOMEPATH%\\Pythonic\\executables\\manual_stop_process_BASICDATA_Id.py",
        "DestructorCMD_Unix": "rm ~/Pythonic/executables/manual_stop_process_BASICDATA_Id.py",
        "DestructorCMD_Win32": "del %HOMEPATH%\\Pythonic\\executables\\manual_stop_process_BASICDATA_Id.py",
        "Filename": "manual_stop_process_751721ab",
        "HighlightState": true,
        "Iconname": "ManualStopProcess",
        "Id": 1964450219,
        "License": "GPLv3",
        "ObjectName": "ManualStopProcess - 0x751721ab",
        "Parents": [],
        "Plug": true,
        "Position": {
            "x": 292,
            "y": 914
        },
        "PythonicVersion": {
            "Major": 1,
            "Minor": 3
        },
        "Socket": false,
        "Typename": "ManualStopProcess",
        "Version": {
            "Major": 0,
            "Minor": 1
        }
    },
    {
        "AllowStream": true,
        "AreaNo": 0,
        "Author": "Stephan Avenwedde",
        "Childs": [
            242975584
        ],
        "Config": {
            "GeneralConfig": {
                "Autostart": false,
                "Debug": false,
                "Logging": false,
                "MP": false
            },
            "SpecificConfig": [
                {
                    "Data": "Interval",
                    "Index": 1,
                    "Name": "Mode",
                    "Type": "ComboBox"
                },
                {
                    "Data": "Seconds",
                    "Index": 0,
                    "Name": "Timebase",
                    "Type": "ComboBox"
                },
                {
                    "Data": "5",
                    "Name": "Intervalinput",
                    "Type": "LineEdit"
                },
                {
                    "Data": "10:00",
                    "Name": "StartTime",
                    "Type": "LineEdit"
                },
                {
                    "Data": "13:00",
                    "Name": "EndTime",
                    "Type": "LineEdit"
                },
                {
                    "Data": "13:00",
                    "Name": "SpecificTime",
                    "Type": "LineEdit"
                },
                {
                    "Data": false,
                    "Name": "Monday",
                    "Type": "CheckBox"
                },
                {
                    "Data": false,
                    "Name": "Tuesday",
                    "Type": "CheckBox"
                },
                {
                    "Data": false,
                    "Name": "Wednesday",
                    "Type": "CheckBox"
                },
                {
                    "Data": false,
                    "Name": "Thursday",
                    "Type": "CheckBox"
                },
                {
                    "Data": false,
                    "Name": "Friday",
                    "Type": "CheckBox"
                },
                {
                    "Data": false,
                    "Name": "Saturday",
                    "Type": "CheckBox"
                },
                {
                    "Data": false,
                    "Name": "Sunday",
                    "Type": "CheckBox"
                }
            ]
        },
        "ConstructorCMD_Unix": "cp -u executables/scheduler.py ~/Pythonic/executables/scheduler_BASICDATA_Id.py",
        "ConstructorCMD_Win32": "copy executables\\scheduler.py %HOMEPATH%\\Pythonic\\executables\\scheduler_BASICDATA_Id.py",
        "DestructorCMD_Unix": "rm ~/Pythonic/executables/scheduler_BASICDATA_Id.py",
        "DestructorCMD_Win32": "del %HOMEPATH%\\Pythonic\\executables\\scheduler_BASICDATA_Id.py",
        "Filename": "scheduler_557616c2",
        "HighlightState": true,
        "Iconname": "Scheduler",
        "Id": 1433802434,
        "License": "GPLv3",
        "ObjectName": "Scheduler - 0x557616c2",
        "Parents": [
            68344796
        ],
        "Plug": true,
        "Position": {
            "x": 240,
            "y": 160
        },
        "PythonicVersion": {
            "Major": 0,
            "Minor": 1
        },
        "Socket": true,
        "Typename": "Scheduler",
        "Version": {
            "Major": 0,
            "Minor": 1
        }
    }
]